<?xml version="1.0" encoding="UTF-8"?>
<export version="E">
  <design>
    <source>/Users/maxmac/Data/Projects/ESP32-iPod-BLE/ESP32-iPod-BLE.kicad_sch</source>
    <date>2025-01-04T00:02:01+0700</date>
    <tool>Eeschema 8.0.2-1</tool>
    <sheet number="1" name="/" tstamps="/">
      <title_block>
        <title/>
        <company/>
        <rev/>
        <date/>
        <source>ESP32-iPod-BLE.kicad_sch</source>
        <comment number="1" value=""/>
        <comment number="2" value=""/>
        <comment number="3" value=""/>
        <comment number="4" value=""/>
        <comment number="5" value=""/>
        <comment number="6" value=""/>
        <comment number="7" value=""/>
        <comment number="8" value=""/>
        <comment number="9" value=""/>
      </title_block>
    </sheet>
  </design>
  <components>
    <comp ref="C1">
      <value>0.1uF</value>
      <footprint>Capacitor_SMD:C_0402_1005Metric</footprint>
      <description>Unpolarized capacitor</description>
      <fields>
        <field name="LCSC">C110251</field>
        <field name="Footprint">Capacitor_SMD:C_0402_1005Metric</field>
        <field name="Datasheet"/>
        <field name="Description">Unpolarized capacitor</field>
      </fields>
      <libsource lib="Device" part="C" description="Unpolarized capacitor"/>
      <property name="LCSC" value="C110251"/>
      <property name="Sheetname" value="Root"/>
      <property name="Sheetfile" value="ESP32-iPod-BLE.kicad_sch"/>
      <property name="ki_keywords" value="cap capacitor"/>
      <property name="ki_fp_filters" value="C_*"/>
      <sheetpath names="/" tstamps="/"/>
      <tstamps>4cd4df15-81ba-4f9d-9eb6-458ad22fc79a</tstamps>
    </comp>
    <comp ref="C2">
      <value>22uF</value>
      <footprint>Capacitor_SMD:C_0805_2012Metric</footprint>
      <description>Unpolarized capacitor</description>
      <fields>
        <field name="LCSC">C5674</field>
        <field name="Footprint">Capacitor_SMD:C_0805_2012Metric</field>
        <field name="Datasheet"/>
        <field name="Description">Unpolarized capacitor</field>
      </fields>
      <libsource lib="Device" part="C" description="Unpolarized capacitor"/>
      <property name="LCSC" value="C5674"/>
      <property name="Sheetname" value="Root"/>
      <property name="Sheetfile" value="ESP32-iPod-BLE.kicad_sch"/>
      <property name="ki_keywords" value="cap capacitor"/>
      <property name="ki_fp_filters" value="C_*"/>
      <sheetpath names="/" tstamps="/"/>
      <tstamps>e8d8781c-a9c3-432e-9de8-814140627b8c</tstamps>
    </comp>
    <comp ref="C3">
      <value>0.1uF</value>
      <footprint>Capacitor_SMD:C_0402_1005Metric</footprint>
      <description>Unpolarized capacitor</description>
      <fields>
        <field name="LCSC">C110251</field>
        <field name="Footprint">Capacitor_SMD:C_0402_1005Metric</field>
        <field name="Datasheet"/>
        <field name="Description">Unpolarized capacitor</field>
      </fields>
      <libsource lib="Device" part="C" description="Unpolarized capacitor"/>
      <property name="LCSC" value="C110251"/>
      <property name="Sheetname" value="Root"/>
      <property name="Sheetfile" value="ESP32-iPod-BLE.kicad_sch"/>
      <property name="ki_keywords" value="cap capacitor"/>
      <property name="ki_fp_filters" value="C_*"/>
      <sheetpath names="/" tstamps="/"/>
      <tstamps>6319a7e0-2a17-4959-b468-003e48fb6d6d</tstamps>
    </comp>
    <comp ref="C4">
      <value>0.1uF</value>
      <footprint>Capacitor_SMD:C_0402_1005Metric</footprint>
      <description>Unpolarized capacitor</description>
      <fields>
        <field name="LCSC">C110251</field>
        <field name="Footprint">Capacitor_SMD:C_0402_1005Metric</field>
        <field name="Datasheet"/>
        <field name="Description">Unpolarized capacitor</field>
      </fields>
      <libsource lib="Device" part="C" description="Unpolarized capacitor"/>
      <property name="LCSC" value="C110251"/>
      <property name="Sheetname" value="Root"/>
      <property name="Sheetfile" value="ESP32-iPod-BLE.kicad_sch"/>
      <property name="ki_keywords" value="cap capacitor"/>
      <property name="ki_fp_filters" value="C_*"/>
      <sheetpath names="/" tstamps="/"/>
      <tstamps>845a33d3-2232-434b-9ac7-034bd280314a</tstamps>
    </comp>
    <comp ref="D1">
      <value>LED</value>
      <footprint>LED_SMD:LED_0603_1608Metric</footprint>
      <description>Light emitting diode</description>
      <fields>
        <field name="LCSC">C434421</field>
        <field name="Footprint">LED_SMD:LED_0603_1608Metric</field>
        <field name="Datasheet"/>
        <field name="Description">Light emitting diode</field>
      </fields>
      <libsource lib="Device" part="LED" description="Light emitting diode"/>
      <property name="LCSC" value="C434421"/>
      <property name="Sheetname" value="Root"/>
      <property name="Sheetfile" value="ESP32-iPod-BLE.kicad_sch"/>
      <property name="ki_keywords" value="LED diode"/>
      <property name="ki_fp_filters" value="LED* LED_SMD:* LED_THT:*"/>
      <sheetpath names="/" tstamps="/"/>
      <tstamps>7618d09f-4fda-4086-b303-04c304fb7304</tstamps>
    </comp>
    <comp ref="J1">
      <value>Conn_01x09_Socket</value>
      <footprint>Connector_JST:JST_ZH_S9B-ZR-SM4A-TF_1x09-1MP_P1.50mm_Horizontal</footprint>
      <description>Generic connector, single row, 01x09, script generated</description>
      <fields>
        <field name="Footprint">Connector_JST:JST_ZH_S9B-ZR-SM4A-TF_1x09-1MP_P1.50mm_Horizontal</field>
        <field name="Datasheet"/>
        <field name="Description">Generic connector, single row, 01x09, script generated</field>
      </fields>
      <libsource lib="Connector" part="Conn_01x09_Socket" description="Generic connector, single row, 01x09, script generated"/>
      <property name="Sheetname" value="Root"/>
      <property name="Sheetfile" value="ESP32-iPod-BLE.kicad_sch"/>
      <property name="ki_keywords" value="connector"/>
      <property name="ki_fp_filters" value="Connector*:*_1x??_*"/>
      <sheetpath names="/" tstamps="/"/>
      <tstamps>8951436d-ce87-4c08-a67b-0f531c5a7243</tstamps>
    </comp>
    <comp ref="J2">
      <value>Conn_01x05_Socket</value>
      <footprint>Connector_PinHeader_2.54mm:PinHeader_1x05_P2.54mm_Vertical</footprint>
      <description>Generic connector, single row, 01x05, script generated</description>
      <fields>
        <field name="Footprint">Connector_PinHeader_2.54mm:PinHeader_1x05_P2.54mm_Vertical</field>
        <field name="Datasheet"/>
        <field name="Description">Generic connector, single row, 01x05, script generated</field>
      </fields>
      <libsource lib="Connector" part="Conn_01x05_Socket" description="Generic connector, single row, 01x05, script generated"/>
      <property name="Sheetname" value="Root"/>
      <property name="Sheetfile" value="ESP32-iPod-BLE.kicad_sch"/>
      <property name="dnp"/>
      <property name="ki_keywords" value="connector"/>
      <property name="ki_fp_filters" value="Connector*:*_1x??_*"/>
      <sheetpath names="/" tstamps="/"/>
      <tstamps>4769afe2-0fc7-4127-9f85-cb4ff10c822c</tstamps>
    </comp>
    <comp ref="R1">
      <value>10K</value>
      <footprint>Resistor_SMD:R_0402_1005Metric</footprint>
      <description>Resistor</description>
      <fields>
        <field name="LCSC">C60490</field>
        <field name="Footprint">Resistor_SMD:R_0402_1005Metric</field>
        <field name="Datasheet"/>
        <field name="Description">Resistor</field>
      </fields>
      <libsource lib="Device" part="R" description="Resistor"/>
      <property name="LCSC" value="C60490"/>
      <property name="Sheetname" value="Root"/>
      <property name="Sheetfile" value="ESP32-iPod-BLE.kicad_sch"/>
      <property name="ki_keywords" value="R res resistor"/>
      <property name="ki_fp_filters" value="R_*"/>
      <sheetpath names="/" tstamps="/"/>
      <tstamps>5a93b88e-312b-4ced-b6c6-ec26d0ab06c1</tstamps>
    </comp>
    <comp ref="R2">
      <value>1K</value>
      <footprint>Resistor_SMD:R_0402_1005Metric</footprint>
      <description>Resistor</description>
      <fields>
        <field name="LCSC">C106235</field>
        <field name="Footprint">Resistor_SMD:R_0402_1005Metric</field>
        <field name="Datasheet"/>
        <field name="Description">Resistor</field>
      </fields>
      <libsource lib="Device" part="R" description="Resistor"/>
      <property name="LCSC" value="C106235"/>
      <property name="Sheetname" value="Root"/>
      <property name="Sheetfile" value="ESP32-iPod-BLE.kicad_sch"/>
      <property name="ki_keywords" value="R res resistor"/>
      <property name="ki_fp_filters" value="R_*"/>
      <sheetpath names="/" tstamps="/"/>
      <tstamps>6a9b9eea-9634-44b3-8462-7c14ac856d68</tstamps>
    </comp>
    <comp ref="U1">
      <value>TLV76733DRVx</value>
      <footprint>Package_SON:WSON-6-1EP_2x2mm_P0.65mm_EP1x1.6mm_ThermalVias</footprint>
      <datasheet>www.ti.com/lit/gpn/TLV767</datasheet>
      <description>1A Precision Linear Voltage Regulator, with enable pin, Fixed Output 3.3V, WSON6</description>
      <fields>
        <field name="LCSC">C2848334</field>
        <field name="Footprint">Package_SON:WSON-6-1EP_2x2mm_P0.65mm_EP1x1.6mm_ThermalVias</field>
        <field name="Datasheet">www.ti.com/lit/gpn/TLV767</field>
        <field name="Description">1A Precision Linear Voltage Regulator, with enable pin, Fixed Output 3.3V, WSON6</field>
      </fields>
      <libsource lib="Regulator_Linear" part="TLV76733DRVx" description="1A Precision Linear Voltage Regulator, with enable pin, Fixed Output 3.3V, WSON6"/>
      <property name="LCSC" value="C2848334"/>
      <property name="Sheetname" value="Root"/>
      <property name="Sheetfile" value="ESP32-iPod-BLE.kicad_sch"/>
      <property name="ki_keywords" value="1A Precision Linear Voltage Regulator"/>
      <property name="ki_fp_filters" value="WSON*1EP*2x2mm*P0.65*"/>
      <sheetpath names="/" tstamps="/"/>
      <tstamps>25395fb8-dced-40c3-9d5a-48fd36a6f62f</tstamps>
    </comp>
    <comp ref="U2">
      <value>ESP32-WROOM-E</value>
      <footprint>PCM_Espressif:ESP32-WROOM-32E</footprint>
      <datasheet>https://www.espressif.com/sites/default/files/documentation/esp32-wroom-32e_esp32-wroom-32ue_datasheet_en.pdf</datasheet>
      <description>ESP32-WROOM-32E integrates ESP32-D0WD-V3, with higher stability and safety performance.</description>
      <fields>
        <field name="LCSC">C701341</field>
        <field name="Footprint">PCM_Espressif:ESP32-WROOM-32E</field>
        <field name="Datasheet">https://www.espressif.com/sites/default/files/documentation/esp32-wroom-32e_esp32-wroom-32ue_datasheet_en.pdf</field>
        <field name="Description">ESP32-WROOM-32E integrates ESP32-D0WD-V3, with higher stability and safety performance.</field>
      </fields>
      <libsource lib="PCM_Espressif" part="ESP32-WROOM-E" description="ESP32-WROOM-32E integrates ESP32-D0WD-V3, with higher stability and safety performance."/>
      <property name="LCSC" value="C701341"/>
      <property name="Sheetname" value="Root"/>
      <property name="Sheetfile" value="ESP32-iPod-BLE.kicad_sch"/>
      <property name="ki_keywords" value="ESP32"/>
      <sheetpath names="/" tstamps="/"/>
      <tstamps>40cc8814-6ae9-4a54-9c5c-4ad3be7bd5ae</tstamps>
    </comp>
    <comp ref="U3">
      <value>TXU0104RUTR</value>
      <footprint>Package_DFN_QFN:Texas_R-PUQFN-N12</footprint>
      <datasheet>http://www.ti.com/lit/ds/symlink/txu0104.pdf</datasheet>
      <description>4-Bit Fixed Direction Voltage-Level Translator with Schmitt-Trigger Inputs and 3-State Outputs</description>
      <fields>
        <field name="LCSC">C5187176</field>
        <field name="Footprint">Package_DFN_QFN:Texas_R-PUQFN-N12</field>
        <field name="Datasheet">http://www.ti.com/lit/ds/symlink/txu0104.pdf</field>
        <field name="Description">4-Bit Fixed Direction Voltage-Level Translator with Schmitt-Trigger Inputs and 3-State Outputs</field>
      </fields>
      <libsource lib="Logic_LevelTranslator" part="TXU0104RUTR" description="4-Bit Fixed Direction Voltage-Level Translator with Schmitt-Trigger Inputs and 3-State Outputs"/>
      <property name="LCSC" value="C5187176"/>
      <property name="Sheetname" value="Root"/>
      <property name="Sheetfile" value="ESP32-iPod-BLE.kicad_sch"/>
      <property name="ki_keywords" value="Level-Shifter CMOS-TTL-Translation"/>
      <property name="ki_fp_filters" value="TSSOP*14*5mm*P0.65mm*"/>
      <sheetpath names="/" tstamps="/"/>
      <tstamps>a237c1b9-8d18-4fd5-9ca1-e3b886efeaec</tstamps>
    </comp>
  </components>
  <libparts>
    <libpart lib="Connector" part="Conn_01x05_Socket">
      <description>Generic connector, single row, 01x05, script generated</description>
      <docs>~</docs>
      <footprints>
        <fp>Connector*:*_1x??_*</fp>
      </footprints>
      <fields>
        <field name="Reference">J</field>
        <field name="Value">Conn_01x05_Socket</field>
        <field name="Footprint"/>
        <field name="Datasheet">~</field>
        <field name="Description">Generic connector, single row, 01x05, script generated</field>
      </fields>
      <pins>
        <pin num="1" name="Pin_1" type="passive"/>
        <pin num="2" name="Pin_2" type="passive"/>
        <pin num="3" name="Pin_3" type="passive"/>
        <pin num="4" name="Pin_4" type="passive"/>
        <pin num="5" name="Pin_5" type="passive"/>
      </pins>
    </libpart>
    <libpart lib="Connector" part="Conn_01x09_Socket">
      <description>Generic connector, single row, 01x09, script generated</description>
      <docs>~</docs>
      <footprints>
        <fp>Connector*:*_1x??_*</fp>
      </footprints>
      <fields>
        <field name="Reference">J</field>
        <field name="Value">Conn_01x09_Socket</field>
        <field name="Footprint"/>
        <field name="Datasheet">~</field>
        <field name="Description">Generic connector, single row, 01x09, script generated</field>
      </fields>
      <pins>
        <pin num="1" name="Pin_1" type="passive"/>
        <pin num="2" name="Pin_2" type="passive"/>
        <pin num="3" name="Pin_3" type="passive"/>
        <pin num="4" name="Pin_4" type="passive"/>
        <pin num="5" name="Pin_5" type="passive"/>
        <pin num="6" name="Pin_6" type="passive"/>
        <pin num="7" name="Pin_7" type="passive"/>
        <pin num="8" name="Pin_8" type="passive"/>
        <pin num="9" name="Pin_9" type="passive"/>
      </pins>
    </libpart>
    <libpart lib="Device" part="C">
      <description>Unpolarized capacitor</description>
      <docs>~</docs>
      <footprints>
        <fp>C_*</fp>
      </footprints>
      <fields>
        <field name="Reference">C</field>
        <field name="Value">C</field>
        <field name="Footprint"/>
        <field name="Datasheet">~</field>
        <field name="Description">Unpolarized capacitor</field>
      </fields>
      <pins>
        <pin num="1" name="" type="passive"/>
        <pin num="2" name="" type="passive"/>
      </pins>
    </libpart>
    <libpart lib="Device" part="LED">
      <description>Light emitting diode</description>
      <docs>~</docs>
      <footprints>
        <fp>LED*</fp>
        <fp>LED_SMD:*</fp>
        <fp>LED_THT:*</fp>
      </footprints>
      <fields>
        <field name="Reference">D</field>
        <field name="Value">LED</field>
        <field name="Footprint"/>
        <field name="Datasheet">~</field>
        <field name="Description">Light emitting diode</field>
      </fields>
      <pins>
        <pin num="1" name="K" type="passive"/>
        <pin num="2" name="A" type="passive"/>
      </pins>
    </libpart>
    <libpart lib="Device" part="R">
      <description>Resistor</description>
      <docs>~</docs>
      <footprints>
        <fp>R_*</fp>
      </footprints>
      <fields>
        <field name="Reference">R</field>
        <field name="Value">R</field>
        <field name="Footprint"/>
        <field name="Datasheet">~</field>
        <field name="Description">Resistor</field>
      </fields>
      <pins>
        <pin num="1" name="" type="passive"/>
        <pin num="2" name="" type="passive"/>
      </pins>
    </libpart>
    <libpart lib="Jumper" part="SolderJumper_2_Bridged">
      <description>Solder Jumper, 2-pole, closed/bridged</description>
      <docs>~</docs>
      <footprints>
        <fp>SolderJumper*Bridged*</fp>
      </footprints>
      <fields>
        <field name="Reference">JP</field>
        <field name="Value">SolderJumper_2_Bridged</field>
        <field name="Footprint"/>
        <field name="Datasheet">~</field>
        <field name="Description">Solder Jumper, 2-pole, closed/bridged</field>
      </fields>
      <pins>
        <pin num="1" name="A" type="passive"/>
        <pin num="2" name="B" type="passive"/>
      </pins>
    </libpart>
    <libpart lib="Jumper" part="SolderJumper_2_Open">
      <description>Solder Jumper, 2-pole, open</description>
      <docs>~</docs>
      <footprints>
        <fp>SolderJumper*Open*</fp>
      </footprints>
      <fields>
        <field name="Reference">JP</field>
        <field name="Value">SolderJumper_2_Open</field>
        <field name="Footprint"/>
        <field name="Datasheet">~</field>
        <field name="Description">Solder Jumper, 2-pole, open</field>
      </fields>
      <pins>
        <pin num="1" name="A" type="passive"/>
        <pin num="2" name="B" type="passive"/>
      </pins>
    </libpart>
    <libpart lib="Logic_LevelTranslator" part="TXU0104RUTR">
      <description>4-Bit Fixed Direction Voltage-Level Translator with Schmitt-Trigger Inputs and 3-State Outputs</description>
      <docs>http://www.ti.com/lit/ds/symlink/txu0104.pdf</docs>
      <footprints>
        <fp>TSSOP*14*5mm*P0.65mm*</fp>
      </footprints>
      <fields>
        <field name="Reference">U</field>
        <field name="Value">TXU0104RUTR</field>
        <field name="Footprint">Package_DFN_QFN:Texas_R-PUQFN-N12</field>
        <field name="Datasheet">http://www.ti.com/lit/ds/symlink/txu0104.pdf</field>
        <field name="Description">4-Bit Fixed Direction Voltage-Level Translator with Schmitt-Trigger Inputs and 3-State Outputs</field>
      </fields>
      <pins>
        <pin num="1" name="VCCA" type="power_in"/>
        <pin num="2" name="A1" type="input"/>
        <pin num="3" name="A2" type="input"/>
        <pin num="4" name="A3" type="input"/>
        <pin num="5" name="A4" type="input"/>
        <pin num="6" name="GND" type="power_in"/>
        <pin num="7" name="B4" type="output"/>
        <pin num="8" name="B3" type="output"/>
        <pin num="9" name="B2" type="output"/>
        <pin num="10" name="B1" type="output"/>
        <pin num="11" name="VCCB" type="power_in"/>
        <pin num="12" name="OE" type="input"/>
      </pins>
    </libpart>
    <libpart lib="PCM_Espressif" part="ESP32-WROOM-E">
      <description>ESP32-WROOM-32E integrates ESP32-D0WD-V3, with higher stability and safety performance.</description>
      <docs>https://www.espressif.com/sites/default/files/documentation/esp32-wroom-32e_esp32-wroom-32ue_datasheet_en.pdf</docs>
      <fields>
        <field name="Reference">U</field>
        <field name="Value">ESP32-WROOM-E</field>
        <field name="Footprint">PCM_Espressif:ESP32-WROOM-32E</field>
        <field name="Datasheet">https://www.espressif.com/sites/default/files/documentation/esp32-wroom-32e_esp32-wroom-32ue_datasheet_en.pdf</field>
        <field name="Description">ESP32-WROOM-32E integrates ESP32-D0WD-V3, with higher stability and safety performance.</field>
      </fields>
      <pins>
        <pin num="1" name="GND" type="power_in"/>
        <pin num="2" name="3V3" type="power_in"/>
        <pin num="3" name="EN/CHIP_PU" type="input"/>
        <pin num="4" name="SENSOR_VP/GPIO36/ADC1_CH0" type="input"/>
        <pin num="5" name="SENSOR_VN/GPIO39/ADC1_CH3" type="input"/>
        <pin num="6" name="GPIO34/ADC1_CH6" type="input"/>
        <pin num="7" name="GPIO35/ADC1_CH7" type="input"/>
        <pin num="8" name="32K_XP/GPIO32/ADC1_CH4" type="bidirectional"/>
        <pin num="9" name="32K_XN/GPIO33/ADC1_CH5" type="bidirectional"/>
        <pin num="10" name="DAC_1/ADC2_CH8/GPIO25" type="bidirectional"/>
        <pin num="11" name="DAC_2/ADC2_CH9/GPIO26" type="bidirectional"/>
        <pin num="12" name="ADC2_CH7/GPIO27" type="bidirectional"/>
        <pin num="13" name="MTMS/GPIO14/ADC2_CH6" type="bidirectional"/>
        <pin num="14" name="MTDI/GPIO12/ADC2_CH5" type="bidirectional"/>
        <pin num="15" name="GND" type="passive"/>
        <pin num="16" name="MTCK/GPIO13/ADC2_CH4" type="bidirectional"/>
        <pin num="23" name="MTDO/GPIO15/ADC2_CH3" type="bidirectional"/>
        <pin num="24" name="ADC2_CH2/GPIO2" type="bidirectional"/>
        <pin num="25" name="GPIO0/BOOT/ADC2_CH1" type="bidirectional"/>
        <pin num="26" name="ADC2_CH0/GPIO4" type="bidirectional"/>
        <pin num="27" name="GPIO16" type="bidirectional"/>
        <pin num="28" name="GPIO17" type="bidirectional"/>
        <pin num="29" name="GPIO5" type="bidirectional"/>
        <pin num="30" name="GPIO18" type="bidirectional"/>
        <pin num="31" name="GPIO19" type="bidirectional"/>
        <pin num="33" name="GPIO21" type="bidirectional"/>
        <pin num="34" name="U0RXD/GPIO3" type="bidirectional"/>
        <pin num="35" name="U0TXD/GPIO1" type="bidirectional"/>
        <pin num="36" name="GPIO22" type="bidirectional"/>
        <pin num="37" name="GPIO23" type="bidirectional"/>
        <pin num="38" name="GND" type="passive"/>
        <pin num="39" name="GND_THERMAL" type="power_in"/>
      </pins>
    </libpart>
    <libpart lib="Regulator_Linear" part="TLV76733DRVx">
      <description>1A Precision Linear Voltage Regulator, with enable pin, Fixed Output 3.3V, WSON6</description>
      <docs>www.ti.com/lit/gpn/TLV767</docs>
      <footprints>
        <fp>WSON*1EP*2x2mm*P0.65*</fp>
      </footprints>
      <fields>
        <field name="Reference">U</field>
        <field name="Value">TLV76733DRVx</field>
        <field name="Footprint">Package_SON:WSON-6-1EP_2x2mm_P0.65mm_EP1x1.6mm_ThermalVias</field>
        <field name="Datasheet">www.ti.com/lit/gpn/TLV767</field>
        <field name="Description">1A Precision Linear Voltage Regulator, with enable pin, Fixed Output 3.3V, WSON6</field>
      </fields>
      <pins>
        <pin num="1" name="OUT" type="power_out"/>
        <pin num="2" name="SNS" type="input"/>
        <pin num="3" name="GND" type="power_in"/>
        <pin num="4" name="EN" type="input"/>
        <pin num="5" name="GND" type="passive"/>
        <pin num="6" name="IN" type="power_in"/>
        <pin num="7" name="PAD" type="passive"/>
      </pins>
    </libpart>
  </libparts>
  <libraries>
    <library logical="Connector">
      <uri>/Applications/KiCad/KiCad.app/Contents/SharedSupport/symbols//Connector.kicad_sym</uri>
    </library>
    <library logical="Device">
      <uri>/Applications/KiCad/KiCad.app/Contents/SharedSupport/symbols//Device.kicad_sym</uri>
    </library>
    <library logical="Jumper">
      <uri>/Applications/KiCad/KiCad.app/Contents/SharedSupport/symbols//Jumper.kicad_sym</uri>
    </library>
    <library logical="Logic_LevelTranslator">
      <uri>/Applications/KiCad/KiCad.app/Contents/SharedSupport/symbols//Logic_LevelTranslator.kicad_sym</uri>
    </library>
    <library logical="PCM_Espressif">
      <uri>/Users/maxmac/Documents/KiCad/8.0/3rdparty/symbols/com_github_espressif_kicad-libraries/Espressif.kicad_sym</uri>
    </library>
    <library logical="Regulator_Linear">
      <uri>/Applications/KiCad/KiCad.app/Contents/SharedSupport/symbols//Regulator_Linear.kicad_sym</uri>
    </library>
  </libraries>
  <nets>
    <net code="1" name="+1V8">
      <node ref="C3" pin="2" pintype="passive"/>
      <node ref="J1" pin="7" pinfunction="Pin_7" pintype="passive"/>
      <node ref="U3" pin="1" pinfunction="VCCA" pintype="power_in"/>
    </net>
    <net code="2" name="+3V3">
      <node ref="C1" pin="1" pintype="passive"/>
      <node ref="C2" pin="1" pintype="passive"/>
      <node ref="C4" pin="1" pintype="passive"/>
      <node ref="J2" pin="3" pinfunction="Pin_3" pintype="passive"/>
      <node ref="R1" pin="1" pintype="passive"/>
      <node ref="U1" pin="1" pinfunction="OUT" pintype="power_out"/>
      <node ref="U1" pin="2" pinfunction="SNS" pintype="input"/>
      <node ref="U2" pin="2" pinfunction="3V3" pintype="power_in"/>
      <node ref="U3" pin="11" pinfunction="VCCB" pintype="power_in"/>
    </net>
    <net code="3" name="ENA">
      <node ref="U1" pin="4" pinfunction="EN" pintype="input"/>
      <node ref="U2" pin="33" pinfunction="GPIO21" pintype="bidirectional"/>
      <node ref="U3" pin="12" pinfunction="OE" pintype="input"/>
    </net>
    <net code="4" name="GND">
      <node ref="C1" pin="2" pintype="passive"/>
      <node ref="C2" pin="2" pintype="passive"/>
      <node ref="C3" pin="1" pintype="passive"/>
      <node ref="C4" pin="2" pintype="passive"/>
      <node ref="D1" pin="1" pinfunction="K" pintype="passive"/>
      <node ref="J1" pin="9" pinfunction="Pin_9" pintype="passive"/>
      <node ref="J2" pin="5" pinfunction="Pin_5" pintype="passive"/>
      <node ref="U1" pin="3" pinfunction="GND" pintype="power_in"/>
      <node ref="U1" pin="5" pinfunction="GND" pintype="passive"/>
      <node ref="U1" pin="7" pinfunction="PAD" pintype="passive"/>
      <node ref="U2" pin="1" pinfunction="GND" pintype="power_in"/>
      <node ref="U2" pin="15" pinfunction="GND" pintype="passive"/>
      <node ref="U2" pin="38" pinfunction="GND" pintype="passive"/>
      <node ref="U2" pin="39" pinfunction="GND_THERMAL" pintype="power_in"/>
      <node ref="U3" pin="5" pinfunction="A4" pintype="input"/>
      <node ref="U3" pin="6" pinfunction="GND" pintype="power_in"/>
    </net>
    <net code="5" name="I2S_DATA_1V8">
      <node ref="J1" pin="5" pinfunction="Pin_5" pintype="passive"/>
      <node ref="U3" pin="4" pinfunction="A3" pintype="input"/>
    </net>
    <net code="6" name="I2S_DATA_3V3">
      <node ref="U2" pin="28" pinfunction="GPIO17" pintype="bidirectional"/>
      <node ref="U3" pin="8" pinfunction="B3" pintype="output"/>
    </net>
    <net code="7" name="I2S_SCK_1V8">
      <node ref="J1" pin="3" pinfunction="Pin_3" pintype="passive"/>
      <node ref="U3" pin="2" pinfunction="A1" pintype="input"/>
    </net>
    <net code="8" name="I2S_SCK_3V3">
      <node ref="U2" pin="26" pinfunction="ADC2_CH0/GPIO4" pintype="bidirectional"/>
      <node ref="U3" pin="10" pinfunction="B1" pintype="output"/>
    </net>
    <net code="9" name="I2S_WS_1V8">
      <node ref="J1" pin="4" pinfunction="Pin_4" pintype="passive"/>
      <node ref="U3" pin="3" pinfunction="A2" pintype="input"/>
    </net>
    <net code="10" name="I2S_WS_3V3">
      <node ref="U2" pin="27" pinfunction="GPIO16" pintype="bidirectional"/>
      <node ref="U3" pin="9" pinfunction="B2" pintype="output"/>
    </net>
    <net code="11" name="IO0">
      <node ref="J2" pin="4" pinfunction="Pin_4" pintype="passive"/>
      <node ref="U2" pin="25" pinfunction="GPIO0/BOOT/ADC2_CH1" pintype="bidirectional"/>
    </net>
    <net code="12" name="IO22">
      <node ref="J1" pin="6" pinfunction="Pin_6" pintype="passive"/>
      <node ref="U2" pin="36" pinfunction="GPIO22" pintype="bidirectional"/>
    </net>
    <net code="13" name="LED">
      <node ref="R2" pin="1" pintype="passive"/>
      <node ref="U2" pin="37" pinfunction="GPIO23" pintype="bidirectional"/>
    </net>
    <net code="14" name="Net-(D1-A)">
      <node ref="D1" pin="2" pinfunction="A" pintype="passive"/>
      <node ref="R2" pin="2" pintype="passive"/>
    </net>
    <net code="15" name="Net-(U2-EN{slash}CHIP_PU)">
      <node ref="R1" pin="2" pintype="passive"/>
      <node ref="U2" pin="3" pinfunction="EN/CHIP_PU" pintype="input"/>
    </net>
    <net code="16" name="RX_0">
      <node ref="J2" pin="1" pinfunction="Pin_1" pintype="passive"/>
      <node ref="U2" pin="34" pinfunction="U0RXD/GPIO3" pintype="bidirectional"/>
    </net>
    <net code="17" name="RX_2">
      <node ref="J1" pin="1" pinfunction="Pin_1" pintype="passive"/>
      <node ref="U2" pin="31" pinfunction="GPIO19" pintype="bidirectional"/>
    </net>
    <net code="18" name="TX_0">
      <node ref="J2" pin="2" pinfunction="Pin_2" pintype="passive"/>
      <node ref="U2" pin="35" pinfunction="U0TXD/GPIO1" pintype="bidirectional"/>
    </net>
    <net code="19" name="TX_2">
      <node ref="J1" pin="2" pinfunction="Pin_2" pintype="passive"/>
      <node ref="U2" pin="30" pinfunction="GPIO18" pintype="bidirectional"/>
    </net>
    <net code="20" name="V_BATT">
      <node ref="J1" pin="8" pinfunction="Pin_8" pintype="passive"/>
      <node ref="U1" pin="6" pinfunction="IN" pintype="power_in"/>
    </net>
    <net code="21" name="unconnected-(U2-32K_XN{slash}GPIO33{slash}ADC1_CH5-Pad9)">
      <node ref="U2" pin="9" pinfunction="32K_XN/GPIO33/ADC1_CH5" pintype="bidirectional+no_connect"/>
    </net>
    <net code="22" name="unconnected-(U2-32K_XP{slash}GPIO32{slash}ADC1_CH4-Pad8)">
      <node ref="U2" pin="8" pinfunction="32K_XP/GPIO32/ADC1_CH4" pintype="bidirectional+no_connect"/>
    </net>
    <net code="23" name="unconnected-(U2-ADC2_CH2{slash}GPIO2-Pad24)">
      <node ref="U2" pin="24" pinfunction="ADC2_CH2/GPIO2" pintype="bidirectional+no_connect"/>
    </net>
    <net code="24" name="unconnected-(U2-ADC2_CH7{slash}GPIO27-Pad12)">
      <node ref="U2" pin="12" pinfunction="ADC2_CH7/GPIO27" pintype="bidirectional+no_connect"/>
    </net>
    <net code="25" name="unconnected-(U2-DAC_1{slash}ADC2_CH8{slash}GPIO25-Pad10)">
      <node ref="U2" pin="10" pinfunction="DAC_1/ADC2_CH8/GPIO25" pintype="bidirectional+no_connect"/>
    </net>
    <net code="26" name="unconnected-(U2-DAC_2{slash}ADC2_CH9{slash}GPIO26-Pad11)">
      <node ref="U2" pin="11" pinfunction="DAC_2/ADC2_CH9/GPIO26" pintype="bidirectional+no_connect"/>
    </net>
    <net code="27" name="unconnected-(U2-GPIO5-Pad29)">
      <node ref="U2" pin="29" pinfunction="GPIO5" pintype="bidirectional"/>
    </net>
    <net code="28" name="unconnected-(U2-GPIO34{slash}ADC1_CH6-Pad6)">
      <node ref="U2" pin="6" pinfunction="GPIO34/ADC1_CH6" pintype="input+no_connect"/>
    </net>
    <net code="29" name="unconnected-(U2-GPIO35{slash}ADC1_CH7-Pad7)">
      <node ref="U2" pin="7" pinfunction="GPIO35/ADC1_CH7" pintype="input+no_connect"/>
    </net>
    <net code="30" name="unconnected-(U2-MTCK{slash}GPIO13{slash}ADC2_CH4-Pad16)">
      <node ref="U2" pin="16" pinfunction="MTCK/GPIO13/ADC2_CH4" pintype="bidirectional+no_connect"/>
    </net>
    <net code="31" name="unconnected-(U2-MTDI{slash}GPIO12{slash}ADC2_CH5-Pad14)">
      <node ref="U2" pin="14" pinfunction="MTDI/GPIO12/ADC2_CH5" pintype="bidirectional+no_connect"/>
    </net>
    <net code="32" name="unconnected-(U2-MTDO{slash}GPIO15{slash}ADC2_CH3-Pad23)">
      <node ref="U2" pin="23" pinfunction="MTDO/GPIO15/ADC2_CH3" pintype="bidirectional+no_connect"/>
    </net>
    <net code="33" name="unconnected-(U2-MTMS{slash}GPIO14{slash}ADC2_CH6-Pad13)">
      <node ref="U2" pin="13" pinfunction="MTMS/GPIO14/ADC2_CH6" pintype="bidirectional+no_connect"/>
    </net>
    <net code="34" name="unconnected-(U2-SENSOR_VN{slash}GPIO39{slash}ADC1_CH3-Pad5)">
      <node ref="U2" pin="5" pinfunction="SENSOR_VN/GPIO39/ADC1_CH3" pintype="input+no_connect"/>
    </net>
    <net code="35" name="unconnected-(U2-SENSOR_VP{slash}GPIO36{slash}ADC1_CH0-Pad4)">
      <node ref="U2" pin="4" pinfunction="SENSOR_VP/GPIO36/ADC1_CH0" pintype="input+no_connect"/>
    </net>
    <net code="36" name="unconnected-(U3-B4-Pad7)">
      <node ref="U3" pin="7" pinfunction="B4" pintype="output+no_connect"/>
    </net>
  </nets>
</export>
